001,BGRANT,9347,1979-12-31T20:39:36-05:00,1f9642c3d0ced42be652d08ba2b61b2a,WordPerfect
001,CARRIE,5105,1980-01-01T00:33:24-05:00,cba5c5b743b4c254f13bc8b4f0df22f6,WordPerfect
001,DIARY,50996,1979-12-31T19:29:02-05:00,3b0600975f81d6524360f0aa43011378,WordPerfect
001,GRANT,4964,1979-12-31T20:02:18-05:00,6c5261a172869642f200df4c0869fe3d,WordPerfect
001,JOCLYN,4079,1979-12-31T19:21:58-05:00,b4c7ce2922e640dd3e24503e956f3feb,WordPerfect
001,LAMENTNB,18918,1980-01-01T02:26:18-05:00,d622475fb60d6762cffb756afbc225e3,WordPerfect
001,MANO,6697,1979-12-31T21:35:18-05:00,ebb220c55f5e20303f1a22d6465fd354,WordPerfect
001,MATHEW,9356,1979-12-31T22:07:24-05:00,7a87d12d3515363b2c12e675d89fd1cf,WordPerfect
001,NOTEBOOK,27869,1979-12-31T21:16:40-05:00,a39bc9b655a81d07bfdd9cd6d00ac903,WordPerfect
001,PIGSNBK,69680,1979-12-31T20:30:54-05:00,61e0f2cf00487ab3d6d801be52741f2c,WordPerfect
001,VITAE,118146,1979-12-31T20:05:44-05:00,fd51fb028920d80fd4389dd03366c3b4,WordPerfect
003,SPEND,96940,1979-12-31T19:03:10-05:00,51767946374121b7f80f05f0df00c93f,WordPerfect
003,SPEND1,87686,1979-12-31T20:52:10-05:00,8f427c2c7c7c0a84b02917adc09cff24,WordPerfect
003,SPEND2,65725,1979-12-31T21:08:18-05:00,0387ce2a72ed703b464e2f779dbf83fb,WordPerfect
003,SPEND3,65563,1980-01-01T01:02:44-05:00,b146822f1c22b939071d41a3f2689d29,WordPerfect
003,VITAE,39325,1979-12-31T22:52:26-05:00,0745230b9a0b34cb62749508519eaef9,WordPerfect
004,ACTONE,32882,1979-12-31T22:34:14-05:00,697ba8d97add8376a91ade5a739c0a4b,WordPerfect
004,ACTONE1,35167,1979-12-31T22:14:24-05:00,e5418abca4e18f62943df704e9d1b2f7,WordPerfect
004,DANCE,19113,1979-12-31T19:11:28-05:00,1acc6b4a5aa56454eb40265e93ffa833,WordPerfect
004,DANCE1,6390,1979-12-31T20:57:58-05:00,b694fe1b4ca661415be77de854d0dd72,WordPerfect
004,DANCECHA,10714,1979-12-31T19:27:44-05:00,61164221b9bef140b247e89ffdc78dde,WordPerfect
004,DANCENOT,16665,1979-12-31T21:42:28-05:00,9dac070fcd8dad38ea76b25b06492cd4,WordPerfect
004,JEY,5718,1979-12-31T19:01:26-05:00,23a446cb493b332aa3e133e523c8e4f7,WordPerfect
004,JEYACTON,8461,1979-12-31T21:14:56-05:00,db9b576410ad487113554f649eb49316,WordPerfect
004,LOVE,8224,1979-12-31T21:12:50-05:00,ff28c0781f8a75c380ad41cc8e14b6cc,WordPerfect
004,MANY6,16039,1979-12-31T19:36:18-05:00,d48bcca7edc11f250f4ca6209466789e,WordPerfect
004,MARRIAGE,8178,1979-12-31T22:16:52-05:00,986e5720b039d33a4ddc514db23e4bbd,WordPerfect
004,PEACOCK,8726,1979-12-31T23:06:02-05:00,523ad65284c8a500099b3b60f9ed7566,WordPerfect
004,SYNOPSIS,26240,1979-12-31T20:26:34-05:00,67d37c91eceb0aad5baa6019b271163a,WordPerfect
005,BRIAN,10174,1979-12-31T22:15:16-05:00,29eedd4ddb0f243a178ea4802b1f7f62,WordPerfect
005,DADDY,3785,1979-12-31T21:14:02-05:00,9e9fc9317f17b9b800e68263ce66a2e6,WordPerfect
005,EDITORS,1230,1979-12-31T23:35:42-05:00,927e4ea6e4a9410a8fa4c68e9ee7e797,WordPerfect
005,FAMILY,29167,1979-12-31T21:52:42-05:00,5bfe19471daa3f9f23a6a47b7c8d1a4b,WordPerfect
005,GARY,6435,1979-12-31T19:39:46-05:00,7048ddd5f8e7e0b46e3af6f938ac9fd0,WordPerfect
005,GASIAN,13012,1979-12-31T19:51:18-05:00,89299f8eecfd9c1fd134e0e0bd6caa84,WordPerfect
005,GASIAN1,14964,1979-12-31T19:21:58-05:00,1db67df8ac15922f8717b70a68fc2c71,WordPerfect
005,GAYASIAN,21891,1979-12-31T20:39:06-05:00,c94060f935865517c35b8bc9e8219e0a,WordPerfect
005,GAYNOTES,12822,1980-01-01T00:14:18-05:00,ced33bed845e3944ef460c3fc3c953bf,WordPerfect
005,INDIKA,6250,1979-12-31T19:57:18-05:00,afe50e8028bb4078fe4c08eb2b4a05c8,WordPerfect
005,INDIKA3,2324,1980-01-01T00:07:34-05:00,0dec70e20ce059821a3256e58d50c50d,WordPerfect
005,JAMES,5454,1979-12-31T19:38:50-05:00,7b9054083bdceed647c247e0f6b29f11,WordPerfect
005,KARIM,4225,1979-12-31T19:12:42-05:00,c82b4cb407b2a363e2795de073e998f3,WordPerfect
005,LAMENTNB,18918,1980-01-01T02:26:18-05:00,d622475fb60d6762cffb756afbc225e3,WordPerfect
005,MARIE,4861,1979-12-31T22:21:14-05:00,a5aa4fe8a0b94d2cab9748d26a901cef,WordPerfect
005,NOTEBOOK,29344,1979-12-31T22:20:52-05:00,31173d9c3fbd731e986a5f653e501a10,WordPerfect
005,PEN,1582,1979-12-31T22:08:08-05:00,a5803eb43c0220853451516772c47b99,Plain Text File
005,PNINA,7814,1979-12-31T19:05:50-05:00,ca4346a86098145d9e89df8f929d90b1,WordPerfect
005,POEMS,9989,1980-01-01T00:29:26-05:00,fa93a089feda91d64eb2851040f4edf6,WordPerfect
005,QUERY1,3045,1979-12-31T19:34:36-05:00,2dbde59264b2e2778bd8e8c72bdab0fc,WordPerfect
005,RESUME,3178,1979-12-31T22:11:36-05:00,709f70ac1f8374fe712210908bf50df9,WordPerfect
005,RESUME1,1584,1979-12-31T23:29:10-05:00,2de5cbdd58f3da557db275b5e93605ce,WordPerfect
005,RESUME2,3165,1979-12-31T19:34:50-05:00,4c43d2788e6df40c2689460476c6ecba,WordPerfect
005,RESUME3,1650,1979-12-31T19:01:46-05:00,a6a724e8e7237769a9ac3ed206cf3f8f,WordPerfect
005,RESUME4,2566,1979-12-31T19:07:28-05:00,d1f547662e827460eec428ad2a0127b5,WordPerfect
005,RESUME5,2249,1979-12-31T19:41:08-05:00,c52b0d34c48a832de14fc2ee71b7700c,WordPerfect
005,RESUME6,1777,1979-12-31T20:56:24-05:00,4f373948e9df7a892eb0f0a6df0ebcf2,WordPerfect
005,REV2,4575,1979-12-31T22:02:30-05:00,b469e208e35f7180654372bd3eddc47e,WordPerfect
005,REVO,13207,1979-12-31T21:59:18-05:00,09df7a4d197d000c03e01831dbe884c9,WordPerfect
005,SIMON,1715,1979-12-31T22:21:50-05:00,964f12f4fdf4dc5669469343983f04d8,Plain Text File
005,SUREKHA,6477,1979-12-31T21:59:42-05:00,72cd2a84b57c5e40d334997c4e15c20a,WordPerfect
005,SURI,2370,1979-12-31T19:08:36-05:00,a20e2a57b1651a82d31259054e22c1d7,Plain Text File
005,SYN5,16379,1979-12-31T19:37:12-05:00,5a47a8c04d502b280a74c77a558718e0,WordPerfect
005,SYNOPSIS,6616,1979-12-31T20:31:56-05:00,2ecf8fd39a97d26dfb6cba2051a9f1cb,WordPerfect
005,TELEPHON,847,1980-01-01T01:27:06-05:00,f10bd3591b9f110396f41816f32278e4,WordPerfect
005,TINO,4046,1979-12-31T19:08:44-05:00,53b9094a95ccd2b6e7406a29c8791c4b,WordPerfect
006,CHURCHST,1419,1979-12-31T23:42:34-05:00,f4b5571773d6e5e97c0c39d447bfa792,WordPerfect
006,KAS3,40878,1979-12-31T23:22:06-05:00,8bb16a42a2ba0426edc37e5830648914,WordPerfect
006,KAS5,26240,1979-12-31T20:11:44-05:00,356805a83e4b0a235dc1850104799f67,WordPerfect
006,KASSAPPA,1561,1979-12-31T22:21:04-05:00,4f55cb722a1eac721eef9a922cc114d5,WordPerfect
006,KASSPPA1,54308,1979-12-31T21:44:44-05:00,5db1c6876c0741e5fc3a80e518774aab,WordPerfect
006,PIGS,17688,1979-12-31T21:56:10-05:00,606c67e767662e74b7252ac0991bf787,WordPerfect
006,PIGS2,23024,1979-12-31T21:11:06-05:00,67d0bd061934065fc031c80561295f97,WordPerfect
006,PIGS3,9609,1979-12-31T20:08:40-05:00,6ddd15938cbf1b5ac49684451bad68d4,WordPerfect
006,SPRING,13768,1979-12-31T22:55:24-05:00,67023f2c97106be0068e8e9b08001e8e,WordPerfect
006,SUMMER,6146,1979-12-31T19:58:06-05:00,0ec284d9118b02b67deca83eb5cc4999,WordPerfect
006,WEER6,105094,1979-12-31T22:08:42-05:00,b2614ba70e044903fb826daa0874641f,WordPerfect
006,WEERAWIL,2708,1979-12-31T19:09:08-05:00,900ea97d60814c9162ba00d621f7e1d8,WordPerfect
007,WEER1,245173,1979-12-31T22:12:46-05:00,e9a8f4a3570b38899a5cc2bef6e861d3,WordPerfect
007,WEER2,85856,1979-12-31T23:33:24-05:00,2373b743ac19693e5f17c311914a35d3,WordPerfect
008,WEER3,99110,1979-12-31T20:49:14-05:00,e8ab000161bc5d42d1c66508fab92847,WordPerfect
008,WEER4,74808,1979-12-31T21:10:12-05:00,316d602215953251b19f0e7d00fd4353,WordPerfect
008,WEER5,112473,1979-12-31T20:58:00-05:00,f28c26c3dba4eb41fb8fb338bb40cc1f,WordPerfect
009,DAMN,110393,1979-12-31T22:19:52-05:00,64ed0b32792a8519e0ceebf6f289584c,WordPerfect
009,RADHA,100027,1979-12-31T23:12:38-05:00,ab3b4415d1299e3a42a206307ec72c10,WordPerfect
009,SEENO.M2,106048,1979-12-31T21:27:40-05:00,24625331eab865763c9cef9bf44095c6,WordPerfect
010,AYAHSYN,3411,1979-12-31T20:14:20-05:00,0f1a39b4b00ec464ee73ec56ce28cf4b,WordPerfect
010,BOOK,2593,1979-12-31T21:00:18-05:00,6990f8d3c29ed5df466d11b882308250,WordPerfect
010,BOX,17288,1979-12-31T20:08:14-05:00,04598703cb75feeac430460ca724b23a,WordPerfect
010,FLAMBOYA,8885,1979-12-31T19:26:22-05:00,d6bcafa58f7dc1c5f2373dbb59e16972,WordPerfect
010,HOMESYN,18256,1979-12-31T21:21:52-05:00,9de94691b8ba60470e1ee4b98fb467ab,WordPerfect
010,HOMESYN1,19134,1979-12-31T19:55:54-05:00,55b5339a4ed1433cb9ec316373904ab9,WordPerfect
010,KAS2,55364,1979-12-31T22:42:02-05:00,cd92a6e0b45d47d16c235491c0b89a7d,WordPerfect
010,KAS4,61399,1979-12-31T22:02:12-05:00,07eaa2d87da09052b60aec5e66fb1610,WordPerfect
010,KAS6,46943,1979-12-31T21:46:38-05:00,24effe42e3b98bcea59ffc0ef0440587,WordPerfect
010,MEMORY,7903,1979-12-31T22:40:28-05:00,e7ef7f5356fccd0263eacf6f05664602,WordPerfect
010,PIGS1,22556,1979-12-31T21:01:24-05:00,ed57fa990e94985c1da4d1767d25d4b2,WordPerfect
010,PIGS2,23080,1979-12-31T22:42:08-05:00,709b584e547f9123bc81b3e7b0d4ba9a,WordPerfect
010,SING1,15566,1979-12-31T19:05:56-05:00,919b471d89418cbe9104216cd140c5b5,WordPerfect
010,SINGSYN,7879,1979-12-31T21:59:50-05:00,f2a6c4f12b864f3bd8583c91adec6ca0,WordPerfect
010,SNAKE,17407,1979-12-31T23:24:02-05:00,528d3cdc53176d22cfa1e20426e9e491,WordPerfect
010,SNAKE-GI,17357,1979-12-31T23:04:18-05:00,3944269fd380ede45bf9302e7f575c8f,WordPerfect
011,PARKDALE.6,1103340,2001-10-12T05:45:54-04:00,33f885cc7a0de3b01e4a68b47337233f,WordPerfect
012,TORONTO1.WPD,1017023,2002-03-29T17:01:26-05:00,43c93776e65f64b4d903fc32db9463e2,WordPerfect
013,PARK6.RTF,156656,2001-04-21T17:21:16-04:00,eb1f91f8dad2f97752d5051291d37452,WordPerfect
013,PARK6.TXT,189613,1980-01-03T23:04:46-05:00,53584960c7be66365ff1c58e8ed9246b,Text file
013,PARKDALE.2,344316,1999-07-09T23:28:04-04:00,c720b3d0bc2392bae0a6e42fe931f1ac,WordPerfect
013,PARKDALE.3,758070,1980-01-04T13:34:32-05:00,9ed4bd402a3713e6acd972ed4b45f1fc,WordPerfect
014,PASSAGES.3,20924,2000-08-29T14:05:24-04:00,e019fbd4dff84ec9aca64ff2d5f62d70,WordPerfect
014,PASSAGES.4,28957,2000-08-30T08:48:46-04:00,c58bd5390d1d1ba9b682cb865309fd44,WordPerfect
014,PASSAGES.WPD,58789,2000-07-30T16:16:36-04:00,a59b2331c678014e142da9e27a2172d6,WordPerfect
014,READINGS,10834,1999-06-18T07:19:16-04:00,a98f80f5321a24451edfe25f8603d0c3,WordPerfect
014,SALLY.WPD,2212,2000-07-16T20:46:48-04:00,182b8fbf3ff6604019f3d624a796277f,WordPerfect
014,SALZBERG.3,64793,2000-04-20T21:56:20-04:00,04db0a5328641ba6b3fd577ba3025ea0,WordPerfect
014,SHAAN.WPD,3627,2001-09-29T07:01:56-04:00,b763fca8cc2db688209d97d17b20421d,WordPerfect
014,SPEECH.WPD,12960,1999-02-10T18:17:42-05:00,abc2e2b3b886ffe44c88941190d9f3f1,WordPerfect
014,TEMP.WPD,67969,1980-01-01T19:45:08-05:00,efaff2d482542d6667beda888c035deb,WordPerfect
014,THOMASAL.WPD,9738,2000-08-06T10:05:14-04:00,06d51c5ae829a792494107f28457fb4a,WordPerfect
014,TOEDBOAR.WPD,73143,2000-04-22T13:15:14-04:00,0ebe62c8943f4d602a20108e1041dc77,WordPerfects
014,TORLIFE.2,22559,1999-05-26T13:36:58-04:00,9eb065f909f773e7e8bd2e932fb07e12,WordPerfect
014,TORLIFE.3,21432,1999-06-14T19:50:34-04:00,3b41691ab2bda72c219142627cc740e7,WordPerfect
014,TORLIFE.4,44003,1999-06-13T21:21:54-04:00,1403ad5e60c309f07d36d4214130e674,WordPerfect
014,TORLIFE.5,25433,1999-06-19T14:03:46-04:00,9e8b7c8d97906ec71abca2dab12e3de6,WordPerfect
014,TORLIFE.6,23740,1999-06-19T14:04:56-04:00,d848e6c58e28bb201521f0dc7db068ed,WordPerfect
014,TORLIFE.7,17420,1999-06-23T20:09:24-04:00,7b1059f5ce99968d1ae50cca4a4fde18,WordPerfect
014,TORLIFE.8,17482,1999-07-10T12:07:26-04:00,320d75df5706eab922c84e0c5fbc502d,WordPerfect
014,TORLIFE.9,13048,1999-07-14T01:31:08-04:00,6114c319aef6fd6cfa71a6eee13dae11,WordPerfect
014,TORLIFE.WPD,46813,1999-05-21T13:55:48-04:00,45e14c5e2f4fa56d733ae8bd8dee83b4,WordPerfect
014,TORONTO,52453,1998-12-28T07:40:04-05:00,d9dee12f252e3d22a267aca1dd334113,WordPerfect
014,TORSTAR.ART,21957,1999-08-13T20:45:24-04:00,7d8634e03737b9691cc6336bdb850ffe,WordPerfect
014,TORSTAR.WPD,16368,1999-08-10T12:57:16-04:00,7793d341f87d1d5ef89d9beb3e865432,WordPerfect
017,TORSTAR1.ART,7022,1999-08-14T10:39:40-04:00,dfe50049cef635913300c0388522d4cc,WordPerfect
018,TORSTAR2.ART,7342,1999-12-23T20:30:50-05:00,a5bdc45e3984bd684c3b7619686e715f,WordPerfect
019,TRILLIUM.WPD,11849,2001-10-18T00:02:06-04:00,da31de7bc7fc1ca720401decaabca794,WordPerfect
019,WFU.WPD,8991,1999-03-09T20:09:56-05:00,2dcca9870ccc5f40a45d9311392a31ad,WordPerfect
020,YORK,122726,2001-10-02T11:13:40-04:00,8cdc46eeee2424ca7d1992ad63cd1f84,WordPerfect
020,YORK1,26796,2001-10-23T18:19:12-04:00,c65ab74749e3ed280dec33422dfdd021,WordPerfect
015,ARTHUR.WPD,93227,2001-10-15T23:24:36-04:00,2fefa753590f473412283c52e614c61a,WordPerfect
015,BIO.WPD,1815,2000-09-01T19:40:00-04:00,d7f996463614ca32320b8554f87e2fc4,WordPerfect
015,BOARDMEE.WPD,11746,2001-10-23T06:06:54-04:00,8f0d2b409a4c80013c91f5d3680a756d,WordPerfect
015,BUSTOUR.WPD,3836,1999-01-09T16:35:20-05:00,d6d33da4a4d722f05dc8ac9785764305,WordPerfect
015,C.B,22725,1999-01-04T16:42:02-05:00,dc2fb2cd18d7b701768bf092ab79eef1,WordPerfect
015,CANADAC.WPD,5438,2001-09-22T09:44:08-04:00,b952163af7f97a069b6614f54a45295a,WordPerfect
015,CATEBUSH.WPD,2204,1999-07-29T23:17:22-04:00,e9cffb898277b35517cf6da6d52cc7b5,WordPerfect
015,CATSEYE.WPD,6958,1999-03-01T02:53:48-05:00,adc62f27e346f3f214c0c4e02625cde0,WordPerfect
015,CHAIRS.WPD,66594,2000-08-01T22:32:32-04:00,a0fcb6d7af90c6efff456144a80f6c63,WordPerfect
015,CHAPTERS.1,5524,1999-02-07T22:13:24-05:00,4236fe99e21f16cc54ca3ac3141826ee,WordPerfect
015,CHAPTERS.WPD,12633,1999-02-06T10:18:54-05:00,4c637b93d54ee90022cbc961dd8cf6d1,WordPerfect
015,DREAMS.WPD,3720,1980-01-03T19:06:02-05:00,33a394cc17d2f5c1c91b0209719e8fa5,WordPerfect
015,FATIMA,3382,2000-07-18T07:58:42-04:00,d15fc2022e76b41fb8e07e126a5f0af0,WordPerfect
015,GLOBE&MA.WPD,3811,1999-07-22T05:36:44-04:00,eae48d9f5543d53db23a6c354b638e25,WordPerfect
015,GLOBE.CHI,13846,2001-10-19T11:28:56-04:00,0b25012f72bef5e18c62349ff40039d3,WordPerfect
015,GLOBE.DES,1652,1999-07-27T18:27:22-04:00,383604b554602888382949570ba4e0ab,WordPerfect
015,GLOBE.WPD,1723,1999-03-07T17:05:58-05:00,2f076a6c49fe3e94af67b2fcfb153e41,WordPerfect
015,GLOSSARY,3654,1999-02-28T09:26:06-05:00,9714dbbec7448c1bec16976c7d3ede2c,WordPerfect
015,GRANT.3,93834,2001-10-11T15:46:38-04:00,ab55900be708fd093496e15f437f8522,WordPerfect
015,GRANT1.1,31530,1999-02-10T19:13:12-05:00,abcd87f4ef92829065d38bfffb38622c,WordPerfect
015,GRANT2.WPD,11985,2000-05-27T13:27:22-04:00,150e7140d5077ef851c5082b42419ffa,WordPerfect
015,GUGGENHE.WPD,18755,2000-06-14T02:46:26-04:00,7717c99afb58ff1135a47a0cecda7503,WordPerfect
015,HARBOURF.WPD,22108,2001-09-27T07:55:14-04:00,ca60b22e6dd254defa1831f323bcd9d2,WordPerfect
015,HARCOURT.BRA,4556,1999-08-09T19:03:36-04:00,b087926ad32447b4fe3adb85fc1a705f,WordPerfect
015,HYBRID1.WPD,37628,1999-01-01T19:30:52-05:00,f26a38abe2fad3af140bd8065536ad56,WordPerfect
015,LIBRARY.WPD,5631,2000-08-07T04:06:44-04:00,f4d4349a0a89bc17a2eb0b14f517c456,WordPerfect
015,MCMASTER.WPD,5767,2000-08-07T04:13:02-04:00,1a572ecdd37e541e7f08d3b940fb5aa8,WordPerfect
015,MILLEN.1,9836,2000-09-03T08:58:56-04:00,3a214bb5eec5b7e952530acae0e17e54,WordPerfect
015,MILLENIU.WPD,8215,2000-09-03T09:34:04-04:00,c74e3cb3abdcf767668de20e70f756e1,WordPerfect
015,NELUKA.WPD,5422,2000-06-14T14:15:18-04:00,f996ef182e3c0e1d01b7d1603ea23687,WordPerfect
015,PASSAGES.1,50364,2000-07-31T04:11:08-04:00,1b042f733a6d3ec53b32f5bee889f632,WordPerfect
015,PASSAGES.2,23151,2000-07-31T06:32:56-04:00,4638d4bbe8d9a71ce23bccc31a09f170,WordPerfect
016,CONFU.WPD,445050,2002-04-17T10:12:02-04:00,02a12046b2571796f9b134d08e2fe70f,WordPerfect
017,PARKDALE.5,1143016,2000-07-16T15:36:04-04:00,b3275b1e363dc64ec2042fedc4fdbd45,WordPerfect
018,JUMP.WPD,192684,2001-10-12T05:41:58-04:00,15565da6cac7ce8ead04c927e6204928,WordPerfect
018,MISSC.WPD,237475,2001-10-12T05:45:44-04:00,abc575f409a80db5775664eb8f1b35bd,WordPerfect
018,MRHAR.1,280860,2002-03-03T22:43:58-05:00,8891a3c37cfee64eef304da372532988,WordPerfect
018,MRHAR.WPD,505240,2001-10-11T15:45:48-04:00,d7b08486fb5594f31d9bc992d99ae389,WordPerfect
019,CANINT.1,453425,1980-01-04T00:13:10-05:00,3229b2d2bcdaaf19a971b6349f696f87,WordPerfect
019,CANINT.2,626036,2001-09-23T06:34:28-04:00,b1aeb76de4327647d643e9e8c258ab60,WordPerfect
019,CANINT.WPD,363126,2000-08-12T21:16:52-04:00,b104f86125ce94409966e18e8290e35b,WordPerfect
020,PARKDALE.4,1228334,2000-07-13T21:09:52-04:00,504268830f7d18aad81d7fe999a6385c,WordPerfect
021,LIBRARY,5631,2000-08-07T04:06:44-04:00,f4d4349a0a89bc17a2eb0b14f517c456,WordPerfect
021,TEMP.WPD,67969,1980-01-01T19:45:08-05:00,efaff2d482542d6667beda888c035deb,WordPerfect
022,PARKDALE.3,758070,1980-01-04T13:34:32-05:00,9ed4bd402a3713e6acd972ed4b45f1fc,WordPerfect
027,DAMN2,82372,1979-12-31T22:21:02-05:00,3ad99d8cc635994a5cc26389317a6090,WordPerfect
027,GRANT3,34157,1979-12-31T22:15:54-05:00,0b47d7d96292255329fff0ed8f8240d2,WordPerfect
027,GRANT3.1,35910,1979-12-31T20:44:14-05:00,2ea786b851c92f5968e400fa030ba763,WordPerfect
027,GRANT3.2,33893,1980-01-01T02:03:42-05:00,cd0f2c538ede6bd3772368a2e5b911a5,WordPerfect
027,NAGA2,60029,1979-12-31T19:27:50-05:00,a3f48850d9465c2d8617b5df6ee06914,WordPerfect
027,RESUME,6863,1979-12-31T19:26:46-05:00,66fe593611af32e77894fd29008e7080,WordPerfect
027,RESUME2,3165,1979-12-31T19:34:50-05:00,4c43d2788e6df40c2689460476c6ecba,WordPerfect
027,RESUME3,1650,1979-12-31T19:01:46-05:00,a6a724e8e7237769a9ac3ed206cf3f8f,WordPerfect
027,RESUME4,2566,1979-12-31T19:07:28-05:00,d1f547662e827460eec428ad2a0127b5,WordPerfect
035,BOOK.1,241470,1979-12-31T19:30:00-05:00,de1729af2f5318d1e21766c4384ad037,WordPerfect
036,BOOK.2,258143,1979-12-31T20:03:12-05:00,8d3d8e1d9a6bebb1c1798c726197447f,WordPerfect
037,FERNANDO,7381,1979-12-31T20:26:10-05:00,7ced3faeb31bbe01c15852de041e543e,WordPerfect
037,NAGA.1,4266,1979-12-31T19:47:02-05:00,9f8722dd593e1da89d4c2dd985cc8500,WordPerfect
037,PASSAGE.1,995,1987-09-08T12:04:16-04:00,9fcfa87851807722b41b9a0802b3d530,WordPerfect
037,PASSAGE.2,1068,1987-09-08T12:04:16-04:00,9f51fb5e2a0c4c224749da3a6719c308,WordPerfect
037,PASSAGE.3,632,1987-09-08T12:04:16-04:00,25c085fe95f2ba7d895222f6d698fdc7,WordPerfect
037,PASSAGE.4,973,1987-09-08T12:04:16-04:00,ae09fd3cc621c2f3ba4d4f11430837a9,WordPerfect
037,PROLOGUE,11972,1979-12-31T23:25:06-05:00,869a0d2d10f13407a0f0eb69a45ca616,WordPerfect
037,SONNETS,2796,1979-12-31T20:41:02-05:00,f6599fe6293ce95df5a627493deb8caf,WordPerfect
037,SPRING,38833,1979-12-31T20:04:26-05:00,cef2424c8dd33f1229b17951e97129f8,WordPerfect
037,VIEW,9808,1979-12-31T20:29:36-05:00,36ac2764dc0890aae4c8e7475ea87702,WordPerfect
037,WUTHERIN,5226,1979-12-31T20:36:40-05:00,f3115a5e6a45995dec026859ecb9520c,WordPerfect
038,BOOK.1,320882,1979-12-31T19:10:06-05:00,47fc1f81a1f1c0a9bfa947921db9edf8,WordPerfect
039,GRANT3.1,35910,1979-12-31T20:44:14-05:00,2ea786b851c92f5968e400fa030ba763,WordPerfect
039,QUILL,4793,1979-12-31T23:38:54-05:00,0239712fa79b49602225462c4e4819a1,WordPerfect
042,NAGA,256407,1979-12-31T22:37:20-05:00,3e0cbed6f0752d7a5613ba01ea49f4ef,WordPerfect
042,NAGA2,60029,1979-12-31T19:27:50-05:00,a3f48850d9465c2d8617b5df6ee06914,WordPerfect
043,ALICIA,12245,1979-12-31T20:08:56-05:00,2361973844fffc66050b6dd4048906a9,WordPerfect
043,ALNOOR,11537,1980-01-01T02:25:30-05:00,e1c7e15853295fe09737eac654e190a2,WordPerfect
043,ANNE,19996,1979-12-31T20:14:58-05:00,92d87bb158942fb4d6bf146e385bda1a,WordPerfect
043,CANADA.C,3593,1979-12-31T19:39:58-05:00,4de01d9d80cf1c98f43168b9c9598d88,WordPerfect
043,CAROLYN,3861,1979-12-31T19:41:22-05:00,e499386438f9088c94dd39e41787b3d9,WordPerfect
043,DAN,10722,1980-01-01T01:06:54-05:00,80e8d7b8b122a59dae2c49d97b8df444,WordPerfect
043,DESH,19483,1979-12-31T23:01:38-05:00,3e0d9f89461b0924759708465f55f976,WordPerfect
043,DOWRY,14130,1979-12-31T21:07:04-05:00,e2d8b0189012e9f0a1de2e9305621c44,WordPerfect
043,DREAMS,48165,1979-12-31T19:32:44-05:00,47130effdc30cd2bcb8f3c5dd23f7a5e,WordPerfect
043,GERBIL,1834,1979-12-31T19:11:30-05:00,25c699197c9447c6b9e4830108f92374,Plain Text File
043,KARIM,29794,1979-12-31T19:28:08-05:00,248f1fdfe77bea93bf2e9fa34be1b395,WordPerfect
043,MONKEY,19313,1980-01-01T00:33:02-05:00,380cbd677ee29a3e396f2bf2bd1ec6f3,WordPerfect
043,NAGA,117896,1979-12-31T23:56:24-05:00,bc41286170ded2cb793a91e1c6909c0f,WordPerfect
043,PROJECT,2718,1979-12-31T19:19:36-05:00,e883eeb8e8b95944a63de87ce4401d22,WordPerfect
045,DAMN,110393,1979-12-31T22:19:52-05:00,cff12fa6a7192cbe1e57b463a4be456b,WordPerfect
045,DAMN1,188911,1979-12-31T21:56:04-05:00,a70bb78f67b5d06dd4dc0ab4d79a5fbe,WordPerfect
046,BOOK.1,267071,1979-12-31T22:44:34-05:00,548feb53d416683a1d018398f2e54dd5,WordPerfect
047,RADHA1,101434,1979-12-31T20:31:32-05:00,78448f367a2f48c3023fd87ededf9bc1,WordPerfect
048,BITTER,70563,1979-12-31T23:47:38-05:00,cdb4833ff18442da14b6cedce7df9c15,WordPerfect
048,SEENO.M4,124120,1979-12-31T21:24:00-05:00,a44fda7c7265409511ea8838823eca66,WordPerfect
049,RADHA4,214874,1979-12-31T19:24:48-05:00,45643bc446c1a0729411145dcfddcf1c,WordPerfect
050,BEST2,307809,1980-01-01T01:00:46-05:00,79d94b1e93193dc0a8483845c2c7a248,WordPerfect
051,TIGER,101718,1979-12-31T20:56:12-05:00,c115f228bdf2d03e090a504f4aaa4c7f,WordPerfect
051,TIGER1,102607,1979-12-31T21:52:54-05:00,8300e00c9b1438cb4159f1800d5aa083,WordPerfect
051,TIGER2,127864,1979-12-31T20:43:12-05:00,4cd429e888c5e94c8b495b54bdb3037e,WordPerfect
052,BEST,61673,1979-12-31T19:35:26-05:00,a3df541649b34e412cadd14bd4301313,WordPerfect
052,BEST1,95961,1979-12-31T19:24:32-05:00,3362a3bb8fe0dd8c53dee4c79201065c,WordPerfect
053,RADHA2,151390,1979-12-31T20:41:28-05:00,857677ddaef12f084947d2953de38f39,Plain Text File
054,BOOK.CHA,479293,2004-04-22T08:56:42-04:00,48f90cb9686818346d77c36aac68c9fb,WordPerfect
054,Chalmers Grant 2004.doc,44032,2004-05-25T11:47:16-04:00,1f3b2707c800538d282a62601f2b130f,Word
055,House and Home. 1.doc,954880,2004-12-06T07:31:28-05:00,3b96708df5701e8885306c45b504f2ed,Word
056,A Silent Mynah. 1.doc,554496,2004-07-30T10:41:44-04:00,db011fd9ebdbdba1e22bb84d9aa6d701,Word
056,Swimming in the Monsoon Sea.doc,807424,2004-11-22T10:33:46-05:00,0a03d3722a0c6dba425aaff65193a64b,Word
057,A Silent Mynah. Journal..doc,315392,2004-11-12T10:09:56-05:00,c233dad8ce8d5a2814de79ed7b5dabf0,Word
057,A Silent Mynah.doc,776192,2004-07-14T11:40:46-04:00,713018cff46cf5e6311fab11aa69f0f3,Word
058,House and Home.doc ,1142272,2004-09-22T08:35:02-04:00,ec1629abb2aa672f8b036a6dab847fe4,Word
059,CANRESTO.WPD,812531,2003-10-31T06:29:20-05:00,6848ea1e183a0a437b30ac50ea1b60e8,WordPerfect
060,Beatrice.com.doc,29184,2005-04-11T11:34:28-04:00,dbfc9c9decdd019ca89a4d04f59a6bb6,Word
060,Chalmers Grant 2004.doc,40448,2004-05-25T11:59:38-04:00,5952e8ee6752fd43bf84386571b92416,Word
060,Chalmers Grant2004. Draft 2.doc,37376,2004-05-27T09:08:56-04:00,2980ba1f2367a3903d0fae0b765f6217,Word
060,Danielle Schaube.doc,35840,2005-07-21T10:12:12-04:00,9931139f211389bb25ccd281e36040e5,Word
060,Fiction Course Outline and handouts.doc,87040,2005-04-11T11:50:40-04:00,03775f8a8b9bc2ea53420fe9204e1ea4,Word
060,Globe Toronto story.1.doc,44032,2004-11-23T10:00:52-05:00,e728143f155d364422f4598010411d7d,Word
060,Globe&Mail. 3 For Thought.doc,35328,2005-01-21T08:18:00-05:00,db47ee49529ab4749942d4293e722b72,Word
060,Globe. Nude Book Club.doc,62464,2005-03-21T09:39:24-05:00,9adf2f27296ac0a29936ff05578b7f85,Word
060,Globe.Nude Book Club.4.doc,53760,2005-04-04T07:54:54-04:00,a449c27de86a9e508617e2ab36ce30cf,Word
060,Globe.Nude Book Club.5.doc,31232,2005-04-06T07:35:36-04:00,de1d8e45c8ab4ef26cf5f4d7d9c87b00,Word
060,House and Home Journal.doc,76288,2004-12-03T07:44:48-05:00,9929bed26ed04a2f6711a338c2122678,Word
060,New York Times. Summer.1.doc,30720,2004-06-01T06:05:36-04:00,86f7fb07d4301e755d29b13a2cd71727,Word
060,New York Times. Summer.2.doc,35840,2004-06-02T12:22:52-04:00,3f1e0b657738c9b42dbaee0f309b5240,Word
060,New York Times. Summer.3.doc,34304,2004-06-09T09:00:16-04:00,35f182adf49aa9e8626cbd8509cc483e,Word
060,New York Times. Summer.4.doc,34816,2004-06-11T09:48:32-04:00,bff119358b79a234becca89b29143c92,Word
060,Ontario Arts Council Works in Progress Grant..doc,139264,2005-11-25T08:44:44-05:00,fb02a48ba3b3270deba6b8cc36aeaf80,Word
060,Opening for Mr. Davies.1.doc,44032,2005-07-22T06:17:48-04:00,b13c37e36a255395ab82a752c099cd98,Word
060,Opening for Mr. Davies.doc,83456,2005-07-21T06:47:42-04:00,1fbfe365479ea3b1f7ccad05110dd93a,Word
060,Trampoline Hall.doc,54784,2004-06-18T10:48:36-04:00,0df695517dc23350452fa14433b51991,Word
060,Xtra. New York.1.doc,63488,2004-07-21T11:55:12-04:00,65a34d1aaa8b9b28e51c1b63dce2a066,Word
060,Xtra. New York.2.doc,37376,2004-07-22T11:21:30-04:00,1d8e14f8bff5de0dc34dbcf2bfe0dc9d,Word
060,Xtra. New York.3.doc,36352,2004-07-27T07:02:30-04:00,bf003731c820180ac30c0e360450697d,Word
060,York University Prose Workshop outline.doc,39424,2005-08-30T09:34:22-04:00,1239ff52da9ea973109a51c9cc122a80,Word
061,BOARDMEE.WPD,15685,2004-02-11T06:40:48-05:00,cce1157bef43d73424c3117b2f50a52e,WordPerfect
061,TORONTO.3,503851,2003-09-26T11:46:10-04:00,5ca147c2615b178ff5ad1bca07fa3921,WordPerfect
062,Swimming in the Monsoon Sea.1.doc,665088,2004-11-25T12:43:42-05:00,b1299988714888d98ad968b844408a62,Word
062,Swimming in the Monsoon Sea.2.doc,653312,2005-01-03T06:28:06-05:00,bfc9462c1ff8b53f7683750c278bb21f,Word
063,CONFU.9,395628,2004-05-21T08:28:26-04:00,2cdc49e69105547de9ac8a0286bedd06,WordPerfect
064,Globe$Mail.Indian Chinese.doc,43520,2005-04-24T13:45:46-04:00,a384ec7bdc00ac65b278754fa3325e28,Word
064,Globe&Mail. CNRA Handgun Club.1.doc,46592,2005-07-05T13:16:40-04:00,7bc6e2c2e743aba0d9244e53ace56ad7,Word
064,Globe&Mail. CNRA Handgun Club.doc,45568,2005-07-05T08:48:54-04:00,c5c24104d49a378b016a8333bfde3a3b,Word
064,Globe&Mail. Cospaly.doc,62464,2005-09-19T11:33:36-04:00,1d5a1294dfddf56ca96b61d3ac51cbb8,Word
064,Globe&Mail. Knitting Lady.1.doc,31744,2005-10-16T07:16:30-04:00,5261dacda51632132f324756ec22e60c,Word
064,Globe&Mail. Russian sauna.1.doc,30208,2005-06-06T07:50:30-04:00,bf602dfbc54d1c4973e17e198b564d3c,Word
064,Globe&Mail. Russian sauna.doc,59392,2005-06-06T08:45:12-04:00,93a3866983f25a73093b412c1504d93b,Word
064,Globe&Mail. Starscapes.1l.doc,30208,2005-05-06T10:46:24-04:00,e121be772d6eaebcecf95496c7862912,Word
064,Globe&Mail. Starscapes.doc,39936,2005-05-05T11:41:24-04:00,19e73b97dc2ed91f4930ebd47b2bfdc5,Word
064,Globe&Mail.Brazilian Ball.2.doc,37888,2005-05-25T07:31:32-04:00,acbcddc2b4d8e45305d319f112a2e9a9,Word
064,Globe&Mail.Brazilian Ball.3.doc,31744,2005-05-25T08:14:12-04:00,a738d312c6623303b30d03197eaee85e,Word
064,Globe&Mail.Brazilian Ball.doc,56832,2005-05-23T12:15:20-04:00,542d0c4ec26605c5d13e072529b7494b,Word
064,Globe&Mail.Butterfly count.doc,73728,2005-07-19T07:13:24-04:00,0cfcaf541748d2985f5529cda3350399,Word
064,Globe&Mail.Knitting Lady.doc,69632,2005-10-14T12:14:04-04:00,55fb35f29d2355c47c1799f7899ab940,Word
064,Globe&Mail.Water Blessing.doc,51712,2005-07-26T12:08:50-04:00,67e5ca70d165aa6c23c1508023abed96,Word
066,Gaugin's Chair.doc,521728,2005-06-28T07:41:00-04:00,786ec08efad8e2b3665486b8f0b5a614,Word
066,Homekeeping Hearts.doc,171008,2005-10-07T06:08:52-04:00,266f5831ab88966f02b2ba09c9866deb,Word
066,Mister Canada.1.doc,138752,2005-12-02T05:34:02-05:00,2f2f79f327fe90ca2d0ffc42fe8218ce,Word
066,Mister Canada.doc,224768,2005-05-04T07:51:18-04:00,a2deb8532cdc6629db425548274738b7,Word
066,Mummy's birthday speech.doc,28160,2005-10-06T15:27:52-04:00,39928bd1d6b48684fda118507a3b33f3,Word
067,Homekeeping Hearts.1.doc,66048,2006-02-06T05:56:52-05:00,a191b0779e990460dc610d7d94d6ccfe,Word
067,My Fair Lady.doc,37888,2006-02-27T10:32:20-05:00,747adfff950ea3ced6b9ea1eb95e1b54,Word
067,Toronto Life Fiction.1.doc,83968,2006-02-24T10:27:08-05:00,0546905995ab81bb25d8bd55103db5d2,Word
067,Toronto Life Fiction.doc,96256,2006-02-03T12:14:24-05:00,3d79c05c10c8f3f0ebf31eb213e37cfd,Word
067,Toronto Public Library Writer-in-residence.doc,59392,2006-01-27T06:29:52-05:00,4711a5f60c93a7989220e2526d23968a,Word
068,The Demoness Kali.1.doc,346624,2006-09-07T11:28:30-04:00,fcc0d141a4b25be9ec063f1410e12857,Word
069,Mister Canada journal.1.doc,448512,2006-06-22T07:25:14-04:00,e9dc1269b2790562bf8a6ddfc3aa09d7,Word
069,Mister Canada.2.doc,205824,2006-05-09T09:50:06-04:00,21ed37373222da93cc090a6229db94d7,Word
069,The Demoness Kali.doc,239616,2006-03-14T06:55:30-05:00,87bcb9875f712ae539c728b1015d35ed,Word
070,Enroute. Festival de la Correspondance.1.doc,33792,2006-08-15T07:33:56-04:00,54a4d7ad98132afaff3f9e9f65e3df6e,Word
070,Enroute. Festival de la Correspondance.doc,59392,2006-08-01T13:39:52-04:00,675721be40c09da6e6cf6c22d6c75085,Word
070,Toronto Life. Adoption from Hell.doc,171520,2006-06-28T09:49:18-04:00,f8d3ece51952ba1c3e008c04cd895ecd,Word
070,Toronto Life. Adoption from hell.3.doc,67072,2006-08-09T06:28:02-04:00,e0df2128ddd4ac83599dc2ea2afa1d0f,Word
070,Toronto Life.Adoption from Hell.1.doc,199168,2006-07-28T12:32:28-04:00,aaadc69fd95aa4732fd7507267f66748,Word
070,Toronto life. Adoption from hell.2.doc,118784,2006-08-08T14:03:02-04:00,1d8f0cfd721c48b8eb31cd80889b51e3,Word
071,Canadian Library Association Award Speech.doc,28160,2006-06-27T10:14:02-04:00,8a976950e9ff8c7cbb3b1b7a7ab5a421,Word
071,Homekeeping Hearts.1.doc,819200,2006-05-25T07:19:10-04:00,1a0a877aa5cc894a8b57039853e676c8,Word
071,Mister Canada.2.doc,535553,2006-08-18T07:22:22-04:00,662b4f8b22766820c4ca2f7671a168cb,Word
072,CANRESTO.4,359114,2004-01-28T10:00:28-05:00,498c3d7436a90eb42b2e9b383ed951cb,WordPerfect
072,CANRESTO.5,332196,2004-01-30T11:47:58-05:00,dae719de4408716baae360b826b94f71,WordPerfect
073,CANRESTO.2,385581,2003-11-28T09:52:22-05:00,27125ad7e117187bbf87248a333e5ddb,WordPerfect
074,CANRESTO.1,896182,2003-11-20T09:06:36-05:00,774b48e3cbd1e2db9447bcd9e9f0c574,WordPerfect
075,JUMP.WPD,1008804,2003-03-19T05:59:58-05:00,7c88441bbe43a203b595c2569a392c55,WordPerfect
076,JUMP.1,1182449,2003-05-30T10:06:58-04:00,9a59856a3063ea047f4317c73f7dfc49,WordPerfect
077,TORONTO.2,1183721,2003-09-26T11:33:58-04:00,777f70148c84c214f351a9540a8ad81f,WordPerfect
078,CONFU.2,789144,2003-09-05T13:52:12-04:00,04131a998e00b5bd6c2844a42d993847,WordPerfect
080,DRABBLE.WPD,7152,2002-04-17T11:50:54-04:00,0d0257e30bd7cdc3280650ae3ec4b13b,WordPerfect
081,CONFU.3,306207,2003-12-10T06:17:54-05:00,beb4c64971de8e153395642652be4729,WordPerfect
081,CONFU.4,228792,2003-12-18T11:08:08-05:00,3b96347ad4ed611bf743fbf8b3c88b49,WordPerfect
082,TORONTO.4,1021135,2003-12-01T08:42:34-05:00,96a7caf407ec4ca893dd69af89b6fb93,WordPerfect
083,MRHAR.3,227305,2003-11-24T11:53:30-05:00,73aac149dd544b5ce89dcce206fa475c,WordPerfect
084,NAGA5.2,597063,1996-07-03T09:59:02-04:00,b2d1cf2d2108344f6462e515d420311c,WordPerfect
084,NAGA5.3,480830,1996-08-02T04:00:36-04:00,c08e3548606f77062e15d66a22836b4d,WordPerfect
084,NAGA5.4,221298,1996-07-08T05:27:26-04:00,af6f13e7d56071cd479667d766b82679,WordPerfect
085,DIARY,12511,1995-01-25T06:11:42-05:00,3db1450fdb322361464a66063c601bfd,WordPerfect
085,GRANT1,26006,1995-09-12T09:51:36-04:00,d52df0ad900a71c406b76bb2779e560b,WordPerfect
085,GRANT1.1,31799,1995-09-29T03:15:44-04:00,8e6a25cfbbc89cf022928410cddf878b,WordPerfect
085,GUGGENHE.WPD,18340,2000-06-12T21:05:02-04:00,0d9b4e504ed2e80f39b9170aef020acb,WordPerfect
085,LETTERS,91489,1995-10-03T05:53:18-04:00,f7057420a3daeb6e2b5569fce041ce57,WordPerfect
085,NAGA2,306165,1995-04-09T02:45:54-04:00,c6d23c1eab8d77e1fe02c7b00686c0ca,WordPerfect
085,NAGA3,95100,1995-04-25T00:02:24-04:00,9eafdb00382e5f236ea6205bcf2dee53,WordPerfect
085,NAGA4.1,117714,1995-09-28T10:03:00-04:00,4f12383a8833a6b9e675e24bbca720f2,WordPerfect
085,NAGA4.2,117422,1995-09-28T10:32:26-04:00,d7ce75a44041ef464a4babd92169b871,WordPerfect
085,NELUKA.WPD,5771,2000-06-12T21:17:50-04:00,22fb999db6d9280f9ead8c1bffbdc980,WordPerfect
085,SCRIPT,31726,1995-08-28T05:34:38-04:00,9f914e265cb7e99c5c22bea181a22a34,WordPerfect
085,SPEECH,5945,1995-05-30T06:57:58-04:00,d8c74769dd688a7b73bc266f8e58d8ad,WordPerfect
086,BOOK.BK!,246594,1993-07-16T07:21:00-04:00,eb15598eae0383318278a0873af226c4,WordPerfect
086,CORRECTI,17590,1980-01-01T01:25:50-05:00,729c665d6b573429cd90492bc72a059b,WordPerfect
086,GRANT2,18084,1979-12-31T22:02:18-05:00,f58945ef084ce30472f2dce63d1e714a,WordPerfect
086,GRANT4,12085,1979-12-31T19:33:00-05:00,94cd8515a759c6244695df697010510c,WordPerfect
087,DESH,8373,1995-11-06T12:04:40-05:00,f07849cfba080f8950dfc582e1800646,WordPerfect
087,DIARY.NAG,14715,1995-12-14T04:07:32-05:00,3a3f94c9ccf14ecbda74bca279f39ee0,WordPerfect
087,NAGA4,488829,1995-11-16T04:38:32-05:00,d9083e880ce7c881b3e1a141d96ea0e2,WordPerfect
087,NAGA4.2,507893,1996-03-18T05:18:50-05:00,53f8d566e7d0867a9c188ad7992b5ee5,WordPerfect
087,NAGA4.3,269123,1996-05-27T08:26:40-04:00,34aa099a00a67fad4aaeda7abe4f0a10,WordPerfect
087,SHERMAN,12343,1996-03-25T10:25:10-05:00,1d3273874bdc673983fab94e3d229c2f,WordPerfect
088,HARCOURT.BRA,5133,1999-07-30T02:17:20-04:00,00678f81ec16d6a20211fdb67e09fd94,WordPerfect
088,TORSTAR.ART,22486,1999-08-13T19:50:26-04:00,1bfbabb811192ab632e8cc2a5ffe1a59,ART
088,a,189286,1999-04-16T13:19:44-04:00,4e3f5b124c14583319e734121b4afa2c,JPEG
088,b,133880,1999-04-16T12:47:10-04:00,19509ccfb5354b3efa69e78b2895c3b1,JPEG
088,c,89003,1999-04-16T13:25:02-04:00,efdb13b771392be6388cafecda4678cb,JPEG
088,d,42325,1999-04-16T13:15:00-04:00,c37ab91bb420ac712d1c04246207923a,JPEG
088,e,57611,1999-04-16T13:15:42-04:00,beef49402f5d1936d6d311c25b8034c2,JPEG
088,f,73065,1999-04-16T13:06:44-04:00,b9e656d89f450d8ac24763200cedd774,JPEG
088,g,42216,1999-04-16T13:10:14-04:00,93a7b6b94e0f9cc1605fccffa8051a84,JPEG
089,FATIMA,3871,1980-01-03T19:50:48-05:00,4c21ab0cff255ad22008f9c804bf0706,WordPerfect
089,INDIA1.WPD,7533,1980-01-03T20:32:10-05:00,f98b2804714fd45f9bd84ef10f4d9ab3,WordPerfect
089,INDIA2.WPD,9751,1980-01-03T19:52:16-05:00,3c8f272987828696c61eec2b8772d20d,WordPerfect
089,INDIA4.WPD,11099,1980-01-03T21:35:40-05:00,408acfd39157a96434fd46e9843a9119,WordPerfect
089,NELUKA2.doc,23040,2000-08-31T08:59:02-04:00,c8b54ca1acac7721fa9a876aa5bb7236,Word
089,SUNDAYTI.WPD,18834,1980-01-03T22:15:04-05:00,f8b12ffcfd092c4ce06c83f4923cc2b1,WordPerfect
090,NAGA6.1,539746,1996-10-03T11:32:02-04:00,c1441fb87dc4238b2a71e34a4d4f8ead,WordPerfect
091,BOOK.1,241470,1979-12-31T19:30:00-05:00,17ccb62d48f4920f667f6818a223e741,WordPerfect
094,The Demoness Kali. novel.Part 3.doc,760832,2007-11-09T07:21:02-05:00,f0352b7b52bc1a75c1fe30bd25829ea3,Word
094,The Demoness Kali.Novel.1.doc,484864,2007-06-29T11:04:12-04:00,6fc8ed326640321c7778ee1f4a76814b,Word
095,The Demoness Kali.novel. Part 2. draft 3.doc,497664,2007-11-07T07:23:20-05:00,2db08044f17c4ec4c611a0f84922aff8,Word
097,Globe and Mail. Mosquito.1.doc,30720,2007-02-27T10:22:48-05:00,c43a4cdca5aaa14fbecf32ce43ebf207,Word
097,Globe and Mail. Mosquito.doc,41984,2007-02-23T10:23:08-05:00,e39e6d4874da47047027de25b260cb01,Word
097,The Demoness Kali.Novel.doc,1032192,2007-02-21T07:18:20-05:00,612af92b33a8e0c4f18f0c35c8367d04,Word
097,Toronto Life. lamprais.1.doc,35328,2007-02-27T10:52:12-05:00,b98a82c8656411bb3c957e7789ccfd6f,Word
097,Toronto Life. lamprais.doc,54784,2007-02-23T05:25:32-05:00,c3ea05608cba4cde9379f8469d583bca,Word
098,Mister Canada journal.2.doc,181248,2007-10-05T12:24:14-04:00,d6b4ac031dcfff974f6ce61dc2910e15,Word
098,Toront Life. lamprais.edit.doc,95232,2007-09-05T13:17:38-04:00,e01f872a2a286dea2c23d58141537749,Word
098,UBC Directed Reading Course 2007-08.doc,60416,2007-08-23T12:42:14-04:00,38c298331b0e41aed5e9b8040f4decd8,Word
098,York University Prose Workshop outline. 2007-08.doc,76800,2007-08-30T07:17:00-04:00,1bc17c7aa5c6d00f4884800190db5c4b,Word
099,The Demoness Kali. Repository for finished bits..doc,139264,2007-05-10T11:57:30-04:00,446d8d6e7f1b860dd6d811dd77bf9ab8,Word
099,The Demoness Kali.novel. Part 2.doc,530944,2007-06-01T06:03:36-04:00,e7e457e6d491ad46ed1b27b0abde4192,Word
100,CBC Radio Drama. Funny Boy.4.doc,162304,2006-10-20T07:44:58-04:00,f0f40bbd13342cd13ebf6c568547e550,Word
100,CBC Radio Drama. Funny Boy.5.doc,183296,2006-10-26T11:44:48-04:00,8ddbdcadecc268e11e1e1c8ac1e337d0,Word
100,CBC Radio Drama. Funny Boy.6.doc,194560,2006-11-07T07:58:52-05:00,ec53bcb23348b0ab812ad2c10f4fc395,Word
100,CBC Radio Drama. Funny Boy.7.doc,178688,2006-11-14T11:04:24-05:00,bf9fd9bf7be9706b6e5fcab139c9c715,Word
100,Cast and cover page. Funny Boy CBC Radio Drama.1.doc,26624,2006-10-26T05:20:14-04:00,6eb1d71fb8b3dfc4689c89de37f05ecd,Word
101,Guardian of the Eyes.1.doc,402432,2006-12-18T06:02:36-05:00,a17695c5af68490f7d8dbc74d91ca957,Word
101,Homekeeping Hearts.2.doc,629760,2007-02-07T05:32:10-05:00,db64e465dc3edb18c5c323237f4b8838,Word
102,CBC Radio Drama. Funny Boy.1.doc,230912,2006-10-10T07:28:06-04:00,3e43eb64ff84806311adb7d3c8e40937,Word
102,CBC Radio Drama. Funny Boy.2.doc,245248,2006-10-14T06:32:20-04:00,e00cb7f6a4ae159a629d8ea1c42f4c82,Word
102,CBC Radio Drama. Funny Boy.3.doc,194560,2006-10-14T08:32:12-04:00,95869624c8cf42c5a890927d3a3ac48f,Word
102,Cast and cover page. Funny Boy CBC Radio Drama.doc,23552,2006-10-14T08:31:44-04:00,d03bd6b17737a710555c2e51080e2bc0,Word
102,Guardian of the Eyes.doc,363520,2006-10-03T12:35:40-04:00,e75d9472c3e57416d0493795f6ac8e62,Word
102,Toronto Life. Adoption from Hell.doc,178176,2006-09-12T12:30:48-04:00,630c870f0b543aca1935d9ea500ad058,Word
102,Toronto Life. adoption from hell. edit.doc,87040,2006-09-13T07:12:28-04:00,452e90270c975b11d66bae69df44c854,Word
103,SELF.3,307286,1997-07-30T22:33:28-04:00,1a64c22c4ba773e14ae391e85d22d17d,WordPerfect
103,SELF.4,354245,1997-07-30T23:26:44-04:00,f02bcf05790e513c5a8c37df58df9036,WordPerfect
104,SELF.2,1087429,1997-06-17T22:37:34-04:00,bf6e8badc3981029bcaa169f8830d75b,WordPerfect
105,SELF.1,834568,1997-04-16T19:23:56-04:00,c7f643de987fc43105b751bce1da8897,WordPerfect
106,ACKNOWLE.DOC,11776,1998-07-21T09:44:52-04:00,e57e039057e00274333051c008cc14d8,Word
106,C.B,19008,1999-01-02T13:34:26-05:00,dd4a8aefa96782104cefadd60431e6b1,WordPerfect
106,CHAPTERS.WPD,12530,1999-02-05T22:57:18-05:00,4e8b5f411723adea1ddbfee65a18f9d7,WordPerfect
106,GRANT2.WPD,11592,1999-02-26T23:13:54-05:00,31cb6759416f9975c1e26eaba124f7b6,WordPerfect
106,PARKDALE.WPD,12024,1999-02-06T16:49:02-05:00,79434e0e40b9156ef56dca6827b189d5,WordPerfect
106,SPEECH.WPD,12318,1999-01-04T17:45:54-05:00,00b3e412c1ee5d3defa24a104bc459e2,WordPerfect
106,TORONTO1.WPD,142512,1999-03-26T08:17:18-05:00,8b89de83b607d96bc8c0d8754a49b72b,WordPerfect
106,YORK,116490,1999-02-23T11:49:16-05:00,8755376db9a517701c1fae90981535cd,WordPerfect
107,SELF.3,430982,1997-06-18T23:04:36-04:00,c91f3095c6c36549b0a40162e9bbb29e,WordPerfect
107,SELF.4,328308,1997-06-18T23:02:18-04:00,7f30817b955a07de8dfff588cca8f805,WordPerfect
108,CINNAMON.4,748559,1998-06-20T22:53:26-04:00,4a3f158448d922449945b652328d5392,WordPerfect
109,CINNAMON.3,914859,1998-06-20T22:52:04-04:00,7664b1e407429dec797f541b0d4ae388,WordPerfect
110,CINNAMON,699058,1997-10-17T23:09:50-04:00,448a5d62d831aa3f990725c2f4c21487,WordPerfect
111,CINNAMON.2,878861,1998-04-03T12:52:52-05:00,f5163662947a7edbebc631a935240656,WordPerfect
111,SALZBERG.3,65280,1998-03-17T07:15:36-05:00,d834e3f3fa5b6701363c740aa31dfc02,WordPerfect
112,SELF.5,389160,1997-10-06T20:36:48-04:00,680ea03a1d9f76e0d05a6320c87b4f85,WordPerfect
112,SELF.6,320952,1997-10-08T01:16:22-04:00,14990afdefacdeed71cc7336277075aa,WordPerfect
113,CINNAMON.1,868271,1998-03-16T06:57:00-05:00,fcad0a136be638ab9b67ef3c36238c56,WordPerfect
115,SELF.3,438073,1997-07-14T23:13:38-04:00,f7769f3af28b492862c9bb235500ce3e,WordPerfect
116,A Silent Mynah. Journal..doc,316928,2004-11-16T17:33:44-05:00,5a881e623233139a37f267979bd3f45c,Word
116,A Silent Mynah.1.doc,554496,2004-12-14T13:47:56-05:00,eae86d9f1feff20f30879a9e2c9ad27a,Word
116,A Silent Mynah.doc,778752,2004-07-26T09:33:06-04:00,85765581a6e473e03438821c7c6bda2b,Word
116,Acknwledgements.doc,26112,2004-05-18T10:51:28-04:00,525860ee58d3308e6d1e4e88103ee38e,Word
116,Ahmede Hussain.doc,29184,2007-09-25T17:53:02-04:00,fd25ab547373c794ce433eeea4519d0f,Word
116,Barbara Gowdy.doc,26624,2005-10-14T11:06:34-04:00,77d92d0626d501431fba57229332e2f1,Word
116,Beatrice.com.doc,29184,2005-04-11T16:58:50-04:00,3b79ba2fd4c4e8e528e850c249c9e76a,Word
116,CBC Radio Drama. Funny Boy.3.doc,195584,2006-10-19T18:54:12-04:00,cbd54285d277c49938a5ec289d23cd17,Word
116,CBC Radio Drama. Funny Boy.4.doc,172032,2006-10-26T12:44:52-04:00,73a38573e7abcfed5a61e1a1903304d5,Word
116,CBC Radio Drama. Funny Boy.6.doc,194560,2006-11-07T13:58:52-05:00,fe467eef9ed8ef83d2d27c343c1bee9c,Word
116,CBC Radio Drama. Funny Boy.7.doc,178688,2006-11-14T18:38:46-05:00,323dac93d0301b5e7781e811309ca867,Word
116,Cast and cover page. Funny Boy CBC Radio Drama.doc,27648,2006-10-20T10:40:12-04:00,b8364e136ce47ef32a2488a535d65977,Word
116,Chalmers Grant 2004.doc,46080,2004-05-27T15:16:40-04:00,fdab3eaa224d3925ecbf7cca33a42316,Word
116,Chalmers Grant 2004. Draft 2.doc,43008,2004-06-01T13:56:44-04:00,e9c26e89366eb7765ec95c18f85360fd,Word
116,Chalmers Grant 2004. Draft 3.doc,40960,2004-06-08T11:25:46-04:00,359ebb4573c8d09e3b72b96595357db6,Word
116,Chalmers Grant 2004. Draft 4.doc,44544,2004-08-27T10:54:48-04:00,364abedb4323ad19f3b6dfd9d212fdc7,Word
116,Daniel Coleman.doc,58368,2004-10-29T14:53:06-04:00,719904581b1ad5d29e8390603fbbcbbc,Word
116,Enroute Magazine. Pitch for Galle article.doc,88064,2008-03-20T16:41:50-04:00,58e6bde09466d16d5a3b1f7a5b58404b,Word
116,Enroute. Festival de la Correspondance.2.doc,30208,2006-12-07T12:31:50-05:00,0efd8789214891d03c89623bb704196e,Word
116,FOOD0208.ce.pdf,1469976,2008-03-19T13:42:24-04:00,d3c3d25d90dd375281ca996a4901c22a,PDF
116,Fiction Course Outline and handouts.1.doc,61440,2006-09-08T11:20:42-04:00,2b45e5207c707bdf8f557dce17b564ea,Word
116,Fiction Course Outline and handouts.doc,92160,2005-05-17T14:38:30-04:00,4a562a005b2f06b2035e1b4fba8c8292,Word
116,Funny Boy Program Details.doc ,219648,2006-11-15T12:15:00-05:00,eeea4584d8601512aed18d0f0c943d2d,Word
116,Gaugin's Chair.doc,521728,2005-08-29T14:44:56-04:00,cae33c5d114663912c86e28aed979512,Word
116,Globe Toronto story.1.doc,41984,2004-12-03T13:45:38-05:00,6cf01b4123c02e317a4402265d17d834,Word
116,Globe Toronto story.doc,43520,2004-11-23T14:55:44-05:00,8c0410ab4a7e660bd5aac04bb923ccc4,Word
116,Globe$Mail.Indian Chinese.doc,58368,2005-04-27T11:48:32-04:00,b7363350c3ef51c1f08a80482ad6474e,Word
116,Globe&Mail. 3 For Thought.doc,34816,2005-01-25T12:06:54-05:00,fbb0567f233a587ccb1c8a51fa6d7227,Word
116,Globe&Mail. 3 for Thought.1.doc,29184,2005-01-25T17:25:18-05:00,344deb55a338609921973a161b6ea1a3,Word
116,Globe&Mail. CNRA Handgun Club.2.doc,33280,2005-07-06T11:28:34-04:00,44100e7e57952eae9dcfb5d730fef1f2,Word
116,Globe&Mail. Cospaly.doc,72704,2005-09-20T12:05:34-04:00,4b19480b88b95c3c876cb2acb78633f6,Word
116,Globe&Mail. Indian Chinese.1.doc,35840,2005-04-27T11:48:18-04:00,a0cc23e7d7d71ba9c77fe62c28dea2d2,Word
116,Globe&Mail. Starscapes.doc,53248,2005-05-06T15:45:28-04:00,d25e4e954f399d13b93179c91086813e,Word
116,Globe&Mail. Toronto Film Festival.doc,68096,2005-09-08T13:25:32-04:00,53f6ef1388dfc10197cef0e80d5e5859,Word
116,Globe&Mail.Brazilian Ball.1.doc,30720,2005-05-24T12:09:26-04:00,05bf3fe979fc97c568830be2ee25dc4e,Word
116,Globe&Mail.Brazilian Ball.doc,67072,2005-05-25T13:14:16-04:00,7427bd56efc38609279b7916f0c8f8b5,Word
116,Globe&Mail.Butterfly count.1.doc,32256,2005-07-21T14:41:22-04:00,4f3e202bc21e4732ecf90b5d0cbac353,Word
116,Globe&Mail.Butterfly count.doc,74240,2005-07-21T14:41:34-04:00,9c67a8ea20779a0b768d3747b6f3490d,Word
116,Globe&Mail.Knitting Lady.doc,69632,2005-10-16T12:54:28-04:00,e42c2dbe66577dd65b9d5646f5d40d60,Word
116,Globe&Mail.Toronto Film Festival.1.doc,31232,2005-09-08T12:28:00-04:00,730ed63ea71b7a991b4e33d1ea0aafc0,Word
116,Globe&Mail.Water Blessing.1.doc,32768,2005-07-27T19:06:04-04:00,bbde1b4a1900d47ac4b14b417caa300f,Word
116,Globe&Mail.cosplay.1.doc,31744,2005-09-20T12:07:14-04:00,10a71b63baf9a5d0faf1fa51ecb68a0e,Word
116,Globe. Nude Book Club.3.doc,30208,2005-04-01T11:11:14-05:00,b5da5a8ef66e130747063a6cdf9ef8b9,Word
116,Globe. Nude Book Club.6.doc,34304,2005-04-12T18:46:14-04:00,ed96fe2a4b08bbbf7dd51760ca71c738,Word
116,Globe. Nude Book Club.doc,148992,2005-03-29T14:55:56-05:00,6f1a98644f778beb04f35a8c17098fcc,Word
116,Globe.Nude Book Club.1.doc,32256,2005-04-06T13:05:22-04:00,45077ef2cea70546ebe764d8a456cc91,Word
116,Globe.Nude Book Club.2.doc,30208,2005-03-29T14:53:18-05:00,107d728d86257eb80077c31d794b4704,Word
116,Globe.Nude Book Club.4.doc,63488,2005-04-06T13:05:16-04:00,cd187084d69c3d64af8900fac79985bd,Word
116,Guardian of the Eyes.1.doc,401408,2007-01-25T15:33:34-05:00,a4ac18c7817d19431d9125800c0d67c8,Word
116,Guelph MFA How to write a grant.doc,71680,2006-11-17T15:54:54-05:00,1e3b0c6c0dfdab020b1a88f364e58a59,Word
116,Homekeeping Hearts.1.doc,819200,2006-08-17T12:31:16-04:00,3f12b34bb36a85b3119581d8a4a50791,Word
116,Homekeeping Hearts.doc,174592,2006-03-23T11:57:28-05:00,19ea7bd62a6d49fe83fbeb21f0bad699,Word
116,House and Home Journal.doc,75776,2004-12-10T11:04:02-05:00,b35e4090ac669813aa44ea5b3fab565b,Word
116,Interview with Daniel.doc,67072,2004-11-29T13:21:02-05:00,8b15277aedbb5fd46c5d9836f0f87467,Word
116,Jacket copy. Story-wallah.1.doc,29696,2004-06-28T17:05:46-04:00,29338c4a436b72623b60513a79f38f6b,Word
116,Jacket copy. Story-wallah.doc,29184,2004-06-28T15:26:50-04:00,cdbe4097ec9e1ce84f95d3d7b0840167,Word
116,Letter of Patrick Crean.doc,26624,2004-09-09T11:50:12-04:00,e047f0689dca28416d5f03c2c49f24f4,Word
116,Life in the Clearings Reading List.doc,65536,2007-08-22T15:01:56-04:00,6192fef127eb06b0115dcf1e4893aaaf,Word
116,Life in the Clearings-Proposal.doc,36352,2004-08-30T17:15:20-04:00,3cee30294aed415702ed57b91f9303a7,Word
116,Marie-Clair Blais. The Wolf. Introduction.1.doc,49664,2008-03-20T12:30:36-04:00,63308972a88d3b304be1350426dd34bd,Word
116,Marie-Clair Blais. The Wolf. Introduction.doc,113664,2008-03-20T12:30:06-04:00,713dce00d0e9a29717b359dab8a97c60,Word
116,Mister Canada journal.1.doc,1527808,2007-08-22T16:05:12-04:00,d3228bcc1cc1a31a79299cba7fd82d82,Word
116,Mister Canada journal.2.doc,567808,2008-04-08T12:43:42-04:00,f95307546911c45e9364a711d3c0da33,Word
116,Mister Canada. Journal.doc,1466880,2006-03-24T13:07:26-05:00,ec5dff31215f853808d456bb5c2e041e,Word
116,Mister Canada. Reading.doc,70656,2005-09-26T14:38:06-04:00,9b7372dd906b1f820a2482404cea06bf,Word
116,Mister Canada.1.doc,244224,2006-04-20T15:55:02-04:00,f720d3bc28053db17732d40de8444b10,Word
116,Mister Canada.doc,225792,2006-03-23T15:02:16-05:00,e3fcce8d97fd29ee449a23e312d627d6,Word
116,Mister Canada.excerpt.doc,71680,2005-11-14T13:48:52-05:00,ddec62f6026dceee72bb26979ed9f4ee,Word
116,My Fair Lady.1.doc,31744,2006-03-06T15:32:48-05:00,61a2f31b6fc27545ce5ee0be0b002691,Word
116,My Fair Lady.doc,46592,2006-02-28T14:36:06-05:00,1ca9b99f85b11558bcf661937838b0ff,Word
116,National Post Q&A.doc,31744,2004-08-24T15:27:14-04:00,189495b01dbf910576d84bb5dcfab855,Word
116,New York Times. Summer..doc,37888,2004-06-01T11:05:48-04:00,3d58140d1d53c58ffc27792d18bbc2f3,Word
116,New York Times. Summer.1.doc,36352,2004-06-11T12:41:10-04:00,d39eae1fdaed0a42fc435d254ab09098,Word
116,New York Times. Summer.2.doc,45056,2004-06-07T15:27:58-04:00,b7ec87096d6637305d4af99f8ea61628,Word
116,New York Times. Summer.3.doc,34304,2004-06-10T13:35:34-04:00,917b283253c953f1dc73012254b3a013,Word
116,Notes for Lexi.doc,34304,2007-05-17T17:12:24-04:00,2323fc4698032036aaf95c67171490cf,Word
116,Ontario Arts Council  grant. 2006.doc,234496,2006-11-28T12:37:46-05:00,b936102873e9632103244bae4e4e89bf,Word
116,Ontario Arts Council Works in Progress Grant..doc,122368,2005-11-29T12:38:34-05:00,f91ef7f68f9c239d21d9c83c6a93aa8b,Word
116,Ontario Arts Council Works in Progress grant 2006.doc,236544,2006-11-28T19:15:06-05:00,8d1c2e588350a0c7a3e0c59a363a4bc2,Word
116,Ontario Arts Council. Works in Progress 2007. Manuscript.doc,117760,2007-11-30T15:31:44-05:00,167263491ce890ff191e0587dcadc474,Word
116,Ontario Arts Council.Works in Progress 2007. cover letter.doc,48640,2007-11-29T17:37:06-05:00,d0237a94a7f03d3298b091ad8bde370e,Word
116,Publicity Photo.tif,178426,2006-11-08T18:19:34-05:00,1b0ebeb21e8855b5441a9ca60800aa00,TIFF
116,Publishing History for Shyam Selvadurai.doc,26624,2006-11-30T17:14:42-05:00,219f576457cf710116487bb849d87f26,Word
116,Questions for Globe column.doc,26112,2005-03-17T13:50:08-05:00,f31f792d8a5e7542842242f391e8f8a4,Word
116,Questions to ask when re-writing.doc,26112,2004-07-07T17:07:38-04:00,f1d4b047defecc5901ab4f2e9d415e9f,Word
116,Radha Aunty.rtf,238069,2006-09-09T16:18:28-04:00,746275bc23f06dbefa2e107887a110bd,Rich Text Format
116,Reading for Toronto Public Library.doc,26112,2006-02-10T16:30:32-05:00,63dff92367210b0b4852fe07eb462a8c,Word
116,Reading from A Silent Mynah.doc,94720,2004-07-23T15:57:36-04:00,d2cc97ba0c722aaf8d127a47e32ee819,Word
116,See No Hear No[1].rtf,286511,2006-08-23T09:56:08-04:00,e89c86820bc7e5f4e6b10be61f963d20,Rich Text Format
116,Selvadurai Shyam (BL) (cr[1]. Karen Fernandez).jpg,257277,2006-11-08T17:50:56-05:00,ae88717c2dbf135fc633d3b53500a0bd,JPEG
116,Selvadurai Shyam1.doc,50688,2005-10-11T15:11:56-04:00,ba24f20f82f187b6084af448760b6b60,Word
116,Selvadurai_children's literature.doc,71168,2006-09-26T18:09:00-04:00,4959ccfc11fce1585d8d60b228536439,Word
116,Selvadurai_fiction.doc,68608,2006-09-26T18:10:56-04:00,f7c15ba24bd9c836dbfff81b06e51083,Word
116,Selvadurai_non-fiction.doc,66048,2006-09-26T18:02:36-04:00,d03b4e71eb28d9e325560b,Word
116,Shawna Watson. letter of recommendation.doc,28160,2008-04-08T15:38:14-04:00,be6a1a0a311ec5fd7608741f5f7de409,Word
116,Shyam's Bio.doc,26624,2008-03-06T19:35:18-05:00,fbb1539e21a32d5433959b02e6edef3f,Word
116,Swimming in the Monsoon Sea.1.doc,665088,2004-12-14T13:48:04-05:00,429badf8e50898ce49bec779afa34399,Word
116,Swimming in the Monsoon Sea.3.doc,668672,2005-02-03T13:43:08-05:00,f9e95e8035cd68c9de9b1613a8b44814,Word
116,Swimming in the Monsoon Sea.doc,806400,2004-12-13T18:22:42-05:00,315852fc07add8dcd9bd100e8835d783,Word
116,Swimming in the monsoon sea. synopsis.doc,24576,2005-01-18T12:40:54-05:00,46ee383698e12efa85829ecce34c192d,Word
116,THOMAS ALLEN PUBLISHERS.doc ,64000,2004-05-10T12:48:44-04:00,6edcb62b7984d9000aab5df8627f8002,Word
116,Taprobana.doc,29696,2004-02-27T12:50:30-05:00,21338d3b52a1e978aa0e7e9e37e5951c,Word
116,Tasnim Jivaji. U of T student..doc,33792,2007-12-06T16:42:14-05:00,4a7a4787a861cd8fa86c8dde7a3cda05,Word
116,The Demoness Kal1.doc,83968,2006-08-29T17:14:22-04:00,50743ab5224f74b6af1123dc676f0cd0,Word
116,The Demoness Kali. novel.Part 3.doc,775680,2007-11-13T12:07:38-05:00,f39281a0dbfe88d65331ae75ee7a5f31,Word
116,The Demoness Kali.1.doc,347136,2006-12-14T16:00:20-05:00,7bd9ba59c638fad535f8d27e5d584627,Word
116,The Demoness Kali.Novel.1.doc,1263104,2007-12-04T11:07:14-05:00,0cc90771e92dd04b7f5bf5a868951a41,Word
116,The Demoness Kali.Novel.2.doc,1254912,2008-02-13T13:01:20-05:00,da8da6269712911bd5bb65b003cd4750,Word
116,The Demoness Kali.Novel.doc,1032192,2007-04-23T16:45:08-04:00,20f2c227210bd61eb5e2f891684ec300,Word
116,The Demoness Kali.doc,240128,2006-08-28T10:42:54-04:00,3f78bfa50624b8d24e4de2f1a0f97c3d,Word
116,The Demoness Kali.novel. Part 2. draft 2.doc,965632,2007-09-18T14:51:20-04:00,d94cb550c6ed4ee92fbb5c53985aea88,Word
116,The Demoness Kali.novel. Part 2. draft 3.doc,501248,2007-11-13T10:28:14-05:00,8587455f5d472ea0d7170473a05b258f,Word
116,The Demoness Kali.novel. Part 2.doc,534528,2007-06-05T17:30:36-04:00,09202972e654be6aea4fce4681c02153,Word
116,The Hungry Ghost.doc,455168,2008-03-28T11:53:04-04:00,34e85f46cc05e561e62e9af2175c3c7f,Word
116,Toront Life. lamprais.edit.1doc.doc,37888,2007-09-07T11:28:16-04:00,b382f99d494eeee3c10fda1bc4cd3027,Word
116,Toronto Life Fiction.1.doc,83456,2007-10-12T11:06:12-04:00,c48990f5f6d88200b6d44e56c2ec24f4,Word
116,Toronto Life Fiction.doc,99840,2006-02-06T14:24:42-05:00,b3da9548f59f3354587407bcf9596a00,Word
116,Toronto Life. adoption from hell. edit.1.doc,77312,2006-11-30T16:02:48-05:00,7408db3f42eec2516083050bda0a4286,Word
116,Toronto Life. lamprais.1.doc,34816,2007-02-27T17:09:32-05:00,70ddc0fb2810813f9154dd9963078a54,Word
116,Toronto Life. lamprais.doc,65536,2007-02-27T11:38:10-05:00,be27886e344de179db8faeba672dde1d,Word
116,Toronto Life.Adoption from Hell.1.doc,200192,2006-08-03T15:03:46-04:00,a35fd555441e7f77fe5263fa77dec7a2,Word
116,Toronto Life.adoption from hell. edit.2.doc,54784,2006-12-21T15:28:02-05:00,eda11a0f1d3a2ece737c1dce6436e8a8,Word
116,Toronto Life.lamprais.edit.2.doc,62464,2007-11-27T16:45:56-05:00,6561409d52c7512f493f9c53aa24487e,Word
116,Toronto Life.lamprais.edit.3.doc,36864,2007-11-27T22:17:54-05:00,ffa2e29177c21fd908f443f34a10747a,Word
116,Toronto Public Library Writer-in-residence.doc,60416,2006-01-30T14:35:18-05:00,ed614767a1bf1485c7c53471439c862f,Word
116,Toronto life. adoption from hell.2.doc,115200,2006-08-09T11:28:34-04:00,92933973e41331bc03328621a0466b80,Word
116,Toronto womens bookstore handouts.doc,53760,2006-11-16T11:39:08-05:00,32513b5231d632e38380f7aca9b5c583,Word
116,Tribute to Pnina.doc,26112,2006-07-03T16:38:16-04:00,97c60d6f38d46adf4d035a7aaeaacfaf,Word
116,UBC Directed Reading Course 2007-08 February.doc,40960,2008-02-29T16:53:46-05:00,8b347d028e10ca518e3df68fef1fceca,Word
116,UBC Directed Reading Course 2007-08. March.doc,49664,2008-03-27T19:34:16-04:00,b6feff520afcaca0cc1a13b0217ebc2e,Word
116,UBC Directed Reading Course 2007-08.September.doc,56320,2007-09-28T19:18:44-04:00,d17129bde6bb95573dcbc1c7ea7de044,Word
116,UBC Directed Reading Course 2007-08.doc,80384,2007-09-28T16:41:56-04:00,02c24778b0b8727260d8a75bb7a98646,Word
116,UBC Directed Reading Course 2007-2008 January.doc,34304,2008-01-29T18:24:16-05:00,cbf2e7548b11934ad42d94ca1754bc4d,Word
116,UBC Directed Reading Course 2007-2008 November.doc,40448,2007-12-02T17:04:46-05:00,22762a3805d00f3781081ab978baaa8d,Word
116,UBC Directed Reading Course 2007-208. October.doc,35840,2007-11-01T17:31:06-04:00,8d0ee815650b95485f2856a547c742cf,Word
116,UBC Fiction Course Summer 2007.1.doc,75264,2007-07-18T12:12:24-04:00,8a67d144f4264cda7b0611231f537b65,Word
116,UBC Fiction Course Summer 2007.doc,195072,2007-07-18T11:55:00-04:00,98a35cf5fec3e44315c9fd36198e4204,Word
116,University of Toronto Course Outline.doc,69632,2006-04-26T15:12:04-04:00,9ff6333fb55ff3e0eb9cc41f96556b2b,Word
116,Walrus Magazine. Visaka Dharmadasa. edit.doc,29696,2008-02-22T11:58:22-05:00,f6f191b692c37cd65b7042e38dcf5cf7,Word
116,Walrus Magazine. Visaka Dharmadasa.1.doc,34816,2008-02-08T11:14:44-05:00,fe252b24ecc13c4128b6c596ed229dee,Word
116,Walrus Magazine. Visaka Dharmadasa.doc,93696,2008-02-08T11:13:32-05:00,4063b67c21e5d60f96b203fd94786c9b,Word
116,Wasafari.doc,56832,2006-08-23T17:51:30-04:00,4b730fd961224719d89f83fd3e56e279,Word
116,Xtra. New York..doc,35328,2004-07-22T15:30:04-04:00,df4da109530d37555948d56db468d690,Word
116,Xtra. New York.1.doc,89600,2004-07-27T12:05:08-04:00,074c55c841d4236de716a6ff7923799f,Word
116,Xtra. New York.2.doc,36864,2004-07-23T12:04:48-04:00,672024e3a452b1982547b18557781229,Word
116,Yoko Fujimoto.JPG,560645,2004-11-05T13:09:34-05:00,e5dd8ee35edc1b0f485d34eda853daaf,JPEG
116,Yoko fujimoto.1.tif,1236094,2004-11-05T13:11:32-05:00,87365079496296945e7a7e872adcda09,TIFF
116,York University Prose Workshop outline. 2006-07.doc,83456,2007-01-14T18:59:04-05:00,d6246223d9270b9521023ed78d46eeb9,Word
116,York University Prose Workshop outline. 2007-08.doc,148992,2008-04-08T17:18:30-04:00,ac1533174ae7a3f7a0d417162cfdf39d,Word
116,York University Prose Workshop outline.doc,59392,2006-03-30T15:34:16-05:00,ca86670a041338a9c34b2592125300ee,Word
116,York University evaluation graph.doc,31232,2005-11-01T11:06:38-05:00,a8ff019f32d2264fc7f5a6ceffc67a38,Word
116,York University fiction Course.doc,34304,2006-03-30T15:32:30-05:00,e21b46d79c8669f8808b36bea7dbc91e,Word
116,York university. Priscila Uppal.doc,82944,2007-01-24T12:41:50-05:00,acda06dae1b1b5ddf463a1faed4405fa,Word
116,adoption0307.final.pdf,607759,2008-03-19T13:37:28-04:00,9b77396fa0fef766ebb5aeb6450e87ad,Word
116,anthology bios.1.doc,71680,2004-03-17T11:54:38-05:00,273ce871369fb33c4a608e79a03c75fe,Word
116,anthology introduction.doc,60928,2004-12-15T17:31:20-05:00,c68d40c7844c6a471901b4be9575a7d4,Word
116,new writing 13.doc,130048,2004-04-06T14:49:22-04:00,49eaba77d0c770cfca0e675e4743ad01,Word
116,new writing bio.doc,24064,2004-04-06T14:56:08-04:00,f6499b0ef8177b591274927e0bfedae2,Word
116,ontario arts council cover letter 2006.doc,236544,2006-11-28T12:38:46-05:00,7edc698c9d91ba8e513d677264cf183e,Word
116,timemag.1.doc,39424,2003-07-16T19:45:12-04:00,5dab2651c2bb0c4dff2dee570b666c34,Word
116,timemag.2.doc,59392,2003-07-17T16:00:38-04:00,e702cccbe3bdff68d9c68ef855d9b483,Word
116,timemag.doc,35840,2003-07-03T15:30:08-04:00,eb1815b013d86479268717ee1caf50e9,Word
